{
  "segment_accuracy": 0.5249318270354499,
  "segment_macroF1": 0.4792373403713158,
  "clip_accuracy": 0.5698529411764706,
  "clip_macroF1": 0.5448399933496156,
  "train_seconds": 1541.0349397659302,
  "val_infer_seconds": 12.19014286994934
}