{
  "segment_accuracy": 0.49159342758884217,
  "segment_macroF1": 0.43953603154042326,
  "clip_accuracy": 0.5782556750298686,
  "clip_macroF1": 0.5490954415744325
}