{
  "segment_accuracy": 0.7441368704344483,
  "segment_macroF1": 0.757601622650323,
  "clip_accuracy": 0.8024844720496894,
  "clip_macroF1": 0.8190668020913108
}