{
  "segment_accuracy": 0.7612700901607213,
  "segment_macroF1": 0.7724537808976475,
  "clip_accuracy": 0.8035714285714286,
  "clip_macroF1": 0.822896472919729,
  "train_embedding_seconds": 173.25430393218994,
  "val_embedding_seconds": 20.07504963874817,
  "test_embedding_seconds": 20.640961408615112,
  "lgbm_train_seconds": 555.9481842517853,
  "val_segment_infer_seconds": 0.5029118061065674
}