{
  "LightGBM": {
    "seg": {
      "segment_accuracy": 0.7574764873718693,
      "segment_macroF1": 0.7658239715681379
    },
    "clip_mean": {
      "acc": 0.8073979591836735,
      "f1": 0.8225112690359488
    },
    "clip_vote": {
      "acc": 0.8061224489795918,
      "f1": 0.8201848915111718
    },
    "val_infer_seconds": 1.350548505783081,
    "test": {
      "seg": {
        "segment_accuracy": 0.7544059713871034,
        "segment_macroF1": 0.766252155659732
      },
      "clip": {
        "acc": 0.8186335403726708,
        "f1": 0.8324632846186866
      }
    }
  },
  "LogReg": {
    "seg": {
      "segment_accuracy": 0.743210398393744,
      "segment_macroF1": 0.7194594384034234
    },
    "clip_mean": {
      "acc": 0.8150510204081632,
      "f1": 0.8240117077188914
    },
    "clip_vote": {
      "acc": 0.8150510204081632,
      "f1": 0.8137327690824521
    },
    "val_infer_seconds": 0.06092333793640137,
    "test": {
      "seg": {
        "segment_accuracy": 0.7084801990462368,
        "segment_macroF1": 0.706693838579357
      },
      "clip": {
        "acc": 0.7838509316770186,
        "f1": 0.7944812509351242
      }
    }
  }
}