{
  "segment_accuracy": 0.7684371417653802,
  "segment_macroF1": 0.7403755959568444,
  "clip_accuracy": 0.8410991636798089,
  "clip_macroF1": 0.8358203579027575
}