{
  "segment_accuracy": 0.7222438644331904,
  "segment_macroF1": 0.7010825755835304,
  "clip_accuracy": 0.7732843137254902,
  "clip_macroF1": 0.7742717875677166,
  "train_seconds": 2629.8383338451385,
  "val_infer_seconds": 18.562403917312622
}